{
  "Component-preload.js.map": 1769441933460,
  "manifest.json": 1769441930096,
  "ext/lib/xlsx.js": 1769395681869,
  "ext/controller/customActions.controller.ts": 1769399658670,
  "Component.ts": 1769384510537,
  "Component.js.map": 1769441930949,
  "ext/controller/customActions.controller.js.map": 1769441930979,
  "Component.js": 1769441930690,
  "ext/controller/customActions.controller.js": 1769441930690,
  "Component-dbg.js": 1769441930690,
  "Component-dbg.js.map": 1769441930743,
  "ext/lib/xlsx-dbg.js": 1769395681869,
  "ext/lib/xlsx.js.map": 1769441932896,
  "ext/controller/customActions-dbg.controller.js": 1769441930690,
  "ext/controller/customActions-dbg.controller.js.map": 1769441930744,
  "Component-preload.js": 1769441933458,
  "i18n/i18n.properties": 1769384581648,
  "ext/fragment/UploadExcelDialog.fragment.xml": 1769394045521,
  "index.html": 1769384510532
}