{
  "thirdparty/xlsx.js.map": 1769525082464,
  "manifest.json": 1769525071807,
  "ext/lib/xlsx.js": 1769395681869,
  "ext/controller/customActions.controller.ts": 1769525030060,
  "Component.ts": 1769384510537,
  "Component.js.map": 1769525080099,
  "ext/controller/customActions.controller.js.map": 1769525080141,
  "Component.js": 1769525072383,
  "ext/controller/customActions.controller.js": 1769525078743,
  "thirdparty/xlsx.js": 1769525077217,
  "thirdparty/xlsx-dbg.js": 1769525077217,
  "i18n/i18n.properties": 1769384581648,
  "Component-dbg.js": 1769525072383,
  "Component-dbg.js.map": 1769525079906,
  "ext/controller/customActions-dbg.controller.js": 1769525078743,
  "ext/controller/customActions-dbg.controller.js.map": 1769525079907,
  "ext/lib/xlsx-dbg.js": 1769395681869,
  "ext/lib/xlsx.js.map": 1769525082713,
  "Component-preload.js": 1769525083672,
  "Component-preload.js.map": 1769525083680,
  "ext/fragment/UploadExcelDialog.fragment.xml": 1769394045521,
  "index.html": 1769384510532
}