<core:FragmentDefinition
    xmlns="sap.m"
    xmlns:core="sap.ui.core"
    xmlns:upload="sap.m.upload"
>
    <Dialog
        id="uploadDialogSet"
        title="Excel Upload"
    >
        <content>
            <upload:UploadSet
                id="uploadSet"
                maxFileNameLength="200"
                fileTypes="xlsx, xls"
                afterItemAdded=".onAfterItemAdded"
                afterItemRemoved=".onAfterItemRemoved"
                uploadEnabled="true"
            />
        </content>
        <!-- CORRECTED: Changed from <buttons> to <beginButton> and <endButton> -->
        <beginButton>
            <Button
                id="idUploadB"
                text="Upload"
                press=".onUploadPress"
                type="Emphasized"
                enabled="false"
            />
        </beginButton>
        <endButton>
            <Button
                id="idCancelB"
                text="Cancel"
                press=".onCloseDialog"
            />
        </endButton>
    </Dialog>
</core:FragmentDefinition>
